FileName/RunID,True Positives,True Negatives,False Positives,False Negatives, ,FP: Explicit in Axiom,FP: Explicit in NL,FP: Perfect Match, ,FN: More Info in Axiom,FN:More Info in NL,FN:No Contradictions,FN:Contradictions, ,Precision,Recall,F1-Score, ,% of Explicit in Axiom Wrong,% of Explicit in NL Wrong,% Of Perfect Match Wrong, ,% of More in Axiom Wrong,% of More in NL Wrong,% of No Contradictions Wrong,% of Contradictions Wrong, ,% of Errors Ex in Ax,% of Errors Ex in NL,% of Errors Perfect,% of Errors More in Axiom,% of Errors More in NL,% of Errors No Contradictions,% of Errors Contradictions
results-02a.json,20,0,21,0, ,9,4,8, ,0,0,0,0, ,0.4878048780487805,1.0,0.6557377049180327, ,100.0,100.0,100.0, ,0.0,0.0,0.0,0, ,42.857142857142854,19.047619047619047,38.095238095238095,0.0,0.0,0.0,0.0
results-02b.json,20,0,21,0, ,9,4,8, ,0,0,0,0, ,0.4878048780487805,1.0,0.6557377049180327, ,100.0,100.0,100.0, ,0.0,0.0,0.0,0, ,42.857142857142854,19.047619047619047,38.095238095238095,0.0,0.0,0.0,0.0
results-02c.json,20,0,21,0, ,9,4,8, ,0,0,0,0, ,0.4878048780487805,1.0,0.6557377049180327, ,100.0,100.0,100.0, ,0.0,0.0,0.0,0, ,42.857142857142854,19.047619047619047,38.095238095238095,0.0,0.0,0.0,0.0
Average,20.0,0.0,21.0,0.0, ,9.0,4.0,8.0, ,0.0,0.0,0.0,0.0, ,0.4878048780487805,1.0,0.6557377049180327, ,100.0,100.0,100.0, ,0.0,0.0,0.0,0.0, ,42.857142857142854,19.047619047619047,38.095238095238095,0.0,0.0,0.0,0.0
