FileName/RunID,True Positives,True Negatives,False Positives,False Negatives, ,FP: Explicit in Axiom,FP: Explicit in NL,FP: Perfect Match, ,FN: More Info in Axiom,FN:More Info in NL,FN:No Contradictions,FN:Contradictions, ,Precision,Recall,F1-Score, ,% of Explicit in Axiom Wrong,% of Explicit in NL Wrong,% Of Perfect Match Wrong, ,% of More in Axiom Wrong,% of More in NL Wrong,% of No Contradictions Wrong,% of Contradictions Wrong, ,% of Errors Ex in Ax,% of Errors Ex in NL,% of Errors Perfect,% of Errors More in Axiom,% of Errors More in NL,% of Errors No Contradictions,% of Errors Contradictions
results-02a.json,20,2,19,0, ,9,4,6, ,0,0,0,0, ,0.5128205128205128,1.0,0.6779661016949152, ,100.0,100.0,75.0, ,0.0,0.0,0.0,0, ,47.36842105263158,21.05263157894737,31.57894736842105,0.0,0.0,0.0,0.0
results-02b.json,20,1,20,0, ,9,3,8, ,0,0,0,0, ,0.5,1.0,0.6666666666666666, ,100.0,75.0,100.0, ,0.0,0.0,0.0,0, ,45.0,15.0,40.0,0.0,0.0,0.0,0.0
results-02c.json,20,3,18,0, ,8,3,7, ,0,0,0,0, ,0.5263157894736842,1.0,0.6896551724137931, ,88.88888888888889,75.0,87.5, ,0.0,0.0,0.0,0, ,44.44444444444444,16.666666666666668,38.888888888888886,0.0,0.0,0.0,0.0
Average,20.0,2.0,19.0,0.0, ,8.666666666666666,3.3333333333333335,7.0, ,0.0,0.0,0.0,0.0, ,0.5130454340980656,1.0,0.6780959802584583, ,96.2962962962963,83.33333333333333,87.5, ,0.0,0.0,0.0,0.0, ,45.60428849902534,17.57309941520468,36.82261208576998,0.0,0.0,0.0,0.0
