FileName/RunID,True Positives,True Negatives,False Positives,False Negatives, ,FP: Explicit in Axiom,FP: Explicit in NL,FP: Perfect Match, ,FN: More Info in Axiom,FN:More Info in NL,FN:No Contradictions,FN:Contradictions, ,Precision,Recall,F1-Score, ,% of Explicit in Axiom Wrong,% of Explicit in NL Wrong,% Of Perfect Match Wrong, ,% of More in Axiom Wrong,% of More in NL Wrong,% of No Contradictions Wrong,% of Contradictions Wrong, ,% of Errors Ex in Ax,% of Errors Ex in NL,% of Errors Perfect,% of Errors More in Axiom,% of Errors More in NL,% of Errors No Contradictions,% of Errors Contradictions
results-08c.json,5,21,0,15, ,0,0,0, ,5,4,6,0, ,1.0,0.25,0.4, ,0.0,0.0,0.0, ,100.0,66.66666666666667,75.0,0, ,0.0,0.0,0.0,33.333333333333336,26.666666666666668,40.0,0.0
results-08a.json,5,21,0,15, ,0,0,0, ,4,5,6,0, ,1.0,0.25,0.4, ,0.0,0.0,0.0, ,80.0,83.33333333333333,75.0,0, ,0.0,0.0,0.0,26.666666666666668,33.333333333333336,40.0,0.0
results-08b.json,3,21,0,17, ,0,0,0, ,5,5,7,0, ,1.0,0.15,0.2608695652173913, ,0.0,0.0,0.0, ,100.0,83.33333333333333,87.5,0, ,0.0,0.0,0.0,29.41176470588235,29.41176470588235,41.1764705882353,0.0
Average,4.333333333333333,21.0,0.0,15.666666666666666, ,0.0,0.0,0.0, ,4.666666666666667,4.666666666666667,6.333333333333333,0.0, ,1.0,0.21666666666666667,0.35362318840579715, ,0.0,0.0,0.0, ,93.33333333333333,77.77777777777777,79.16666666666667,0.0, ,0.0,0.0,0.0,29.803921568627448,29.803921568627448,40.392156862745104,0.0
