FileName/RunID,True Positives,True Negatives,False Positives,False Negatives, ,FP: Explicit in Axiom,FP: Explicit in NL,FP: Perfect Match, ,FN: More Info in Axiom,FN:More Info in NL,FN:No Contradictions,FN:Contradictions, ,Precision,Recall,F1-Score, ,% of Explicit in Axiom Wrong,% of Explicit in NL Wrong,% Of Perfect Match Wrong, ,% of More in Axiom Wrong,% of More in NL Wrong,% of No Contradictions Wrong,% of Contradictions Wrong, ,% of Errors Ex in Ax,% of Errors Ex in NL,% of Errors Perfect,% of Errors More in Axiom,% of Errors More in NL,% of Errors No Contradictions,% of Errors Contradictions
results-08c.json,9,21,0,11, ,0,0,0, ,4,4,3,0, ,1.0,0.45,0.6206896551724138, ,0.0,0.0,0.0, ,80.0,66.66666666666667,37.5,0, ,0.0,0.0,0.0,36.36363636363637,36.36363636363637,27.272727272727273,0.0
results-08a.json,9,19,2,11, ,2,0,0, ,1,3,7,0, ,0.8181818181818182,0.45,0.5806451612903226, ,22.22222222222222,0.0,0.0, ,20.0,50.0,87.5,0, ,15.384615384615385,0.0,0.0,7.6923076923076925,23.076923076923077,53.84615384615385,0.0
results-08b.json,4,20,1,16, ,1,0,0, ,4,4,8,0, ,0.8,0.2,0.32000000000000006, ,11.11111111111111,0.0,0.0, ,80.0,66.66666666666667,100.0,0, ,5.882352941176471,0.0,0.0,23.529411764705884,23.529411764705884,47.05882352941177,0.0
Average,7.333333333333333,20.0,1.0,12.666666666666666, ,1.0,0.0,0.0, ,3.0,3.6666666666666665,6.0,0.0, ,0.8727272727272727,0.3666666666666667,0.5071116054875788, ,11.111111111111109,0.0,0.0, ,60.0,61.111111111111114,75.0,0.0, ,7.088989441930619,0.0,0.0,22.528451940216645,27.656657068421776,42.725901549430965,0.0
