FileName/RunID,True Positives,True Negatives,False Positives,False Negatives, ,FP: Explicit in Axiom,FP: Explicit in NL,FP: Perfect Match, ,FN: More Info in Axiom,FN:More Info in NL,FN:No Contradictions,FN:Contradictions, ,Precision,Recall,F1-Score, ,% of Explicit in Axiom Wrong,% of Explicit in NL Wrong,% Of Perfect Match Wrong, ,% of More in Axiom Wrong,% of More in NL Wrong,% of No Contradictions Wrong,% of Contradictions Wrong, ,% of Errors Ex in Ax,% of Errors Ex in NL,% of Errors Perfect,% of Errors More in Axiom,% of Errors More in NL,% of Errors No Contradictions,% of Errors Contradictions
results-10a.json,9,21,0,11, ,0,0,0, ,2,5,4,0, ,1.0,0.45,0.6206896551724138, ,0.0,0.0,0.0, ,40.0,83.33333333333333,50.0,0, ,0.0,0.0,0.0,18.181818181818183,45.45454545454545,36.36363636363637,0.0
results-10b.json,9,20,1,11, ,1,0,0, ,3,4,4,0, ,0.9,0.45,0.6, ,11.11111111111111,0.0,0.0, ,60.0,66.66666666666667,50.0,0, ,8.333333333333334,0.0,0.0,25.0,33.333333333333336,33.333333333333336,0.0
results-10c.json,5,20,1,15, ,1,0,0, ,5,5,5,0, ,0.8333333333333334,0.25,0.3846153846153846, ,11.11111111111111,0.0,0.0, ,100.0,83.33333333333333,62.5,0, ,6.25,0.0,0.0,31.25,31.25,31.25,0.0
Average,7.666666666666667,20.333333333333332,0.6666666666666666,12.333333333333334, ,0.6666666666666666,0.0,0.0, ,3.3333333333333335,4.666666666666667,4.333333333333333,0.0, ,0.9111111111111111,0.3833333333333333,0.5351016799292662, ,7.407407407407407,0.0,0.0, ,66.66666666666667,77.77777777777777,54.166666666666664,0.0, ,4.861111111111112,0.0,0.0,24.810606060606062,36.67929292929293,33.6489898989899,0.0
