FileName/RunID,True Positives,True Negatives,False Positives,False Negatives, ,FP: Explicit in Axiom,FP: Explicit in NL,FP: Perfect Match, ,FN: More Info in Axiom,FN:More Info in NL,FN:No Contradictions,FN:Contradictions, ,Precision,Recall,F1-Score, ,% of Explicit in Axiom Wrong,% of Explicit in NL Wrong,% Of Perfect Match Wrong, ,% of More in Axiom Wrong,% of More in NL Wrong,% of No Contradictions Wrong,% of Contradictions Wrong, ,% of Errors Ex in Ax,% of Errors Ex in NL,% of Errors Perfect,% of Errors More in Axiom,% of Errors More in NL,% of Errors No Contradictions,% of Errors Contradictions
results-10a.json,10,20,1,10, ,1,0,0, ,3,2,5,0, ,0.9090909090909091,0.5,0.6451612903225806, ,11.11111111111111,0.0,0.0, ,60.0,33.333333333333336,62.5,0, ,9.090909090909092,0.0,0.0,27.272727272727273,18.181818181818183,45.45454545454545,0.0
results-10b.json,10,18,3,10, ,2,0,1, ,4,3,3,0, ,0.7692307692307693,0.5,0.6060606060606061, ,22.22222222222222,0.0,12.5, ,80.0,50.0,37.5,0, ,15.384615384615385,0.0,7.6923076923076925,30.76923076923077,23.076923076923077,23.076923076923077,0.0
results-10c.json,9,16,5,11, ,5,0,0, ,3,4,4,0, ,0.6428571428571429,0.45,0.5294117647058824, ,55.55555555555556,0.0,0.0, ,60.0,66.66666666666667,50.0,0, ,31.25,0.0,0.0,18.75,25.0,25.0,0.0
Average,9.666666666666666,18.0,3.0,10.333333333333334, ,2.6666666666666665,0.0,0.3333333333333333, ,3.3333333333333335,3.0,4.0,0.0, ,0.7737262737262737,0.48333333333333334,0.5935445536963564, ,29.62962962962963,0.0,4.166666666666667, ,66.66666666666667,50.0,50.0,0.0, ,18.575174825174827,0.0,2.5641025641025643,25.597319347319345,22.086247086247084,31.177156177156178,0.0
