FileName/RunID,True Positives,True Negatives,False Positives,False Negatives, ,FP: Explicit in Axiom,FP: Explicit in NL,FP: Perfect Match, ,FN: More Info in Axiom,FN:More Info in NL,FN:No Contradictions,FN:Contradictions, ,Precision,Recall,F1-Score, ,% of Explicit in Axiom Wrong,% of Explicit in NL Wrong,% Of Perfect Match Wrong, ,% of More in Axiom Wrong,% of More in NL Wrong,% of No Contradictions Wrong,% of Contradictions Wrong, ,% of Errors Ex in Ax,% of Errors Ex in NL,% of Errors Perfect,% of Errors More in Axiom,% of Errors More in NL,% of Errors No Contradictions,% of Errors Contradictions
results-18c.json,13,18,3,7, ,3,0,0, ,2,3,2,0, ,0.8125,0.65,0.7222222222222223, ,33.333333333333336,0.0,0.0, ,40.0,50.0,25.0,0, ,30.0,0.0,0.0,20.0,30.0,20.0,0.0
results-18a.json,10,20,1,10, ,1,0,0, ,2,5,3,0, ,0.9090909090909091,0.5,0.6451612903225806, ,11.11111111111111,0.0,0.0, ,40.0,83.33333333333333,37.5,0, ,9.090909090909092,0.0,0.0,18.181818181818183,45.45454545454545,27.272727272727273,0.0
results-18b.json,10,20,1,10, ,1,0,0, ,4,2,4,0, ,0.9090909090909091,0.5,0.6451612903225806, ,11.11111111111111,0.0,0.0, ,80.0,33.333333333333336,50.0,0, ,9.090909090909092,0.0,0.0,36.36363636363637,18.181818181818183,36.36363636363637,0.0
Average,11.0,19.333333333333332,1.6666666666666667,9.0, ,1.6666666666666667,0.0,0.0, ,2.6666666666666665,3.3333333333333335,3.0,0.0, ,0.8768939393939394,0.5499999999999999,0.6708482676224611, ,18.51851851851852,0.0,0.0, ,53.333333333333336,55.55555555555555,37.5,0.0, ,16.060606060606062,0.0,0.0,24.848484848484855,31.212121212121215,27.87878787878788,0.0
