FileName/RunID,True Positives,True Negatives,False Positives,False Negatives, ,FP: Explicit in Axiom,FP: Explicit in NL,FP: Perfect Match, ,FN: More Info in Axiom,FN:More Info in NL,FN:No Contradictions,FN:Contradictions, ,Precision,Recall,F1-Score, ,% of Explicit in Axiom Wrong,% of Explicit in NL Wrong,% Of Perfect Match Wrong, ,% of More in Axiom Wrong,% of More in NL Wrong,% of No Contradictions Wrong,% of Contradictions Wrong, ,% of Errors Ex in Ax,% of Errors Ex in NL,% of Errors Perfect,% of Errors More in Axiom,% of Errors More in NL,% of Errors No Contradictions,% of Errors Contradictions
results-18c.json,15,14,7,5, ,5,2,0, ,2,1,2,0, ,0.6818181818181818,0.75,0.7142857142857143, ,55.55555555555556,50.0,0.0, ,40.0,16.666666666666668,25.0,0, ,41.666666666666664,16.666666666666668,0.0,16.666666666666668,8.333333333333334,16.666666666666668,0.0
results-18a.json,18,14,7,2, ,5,2,0, ,1,1,0,0, ,0.72,0.9,0.7999999999999999, ,55.55555555555556,50.0,0.0, ,20.0,16.666666666666668,0.0,0, ,55.55555555555556,22.22222222222222,0.0,11.11111111111111,11.11111111111111,0.0,0.0
results-18b.json,17,14,7,3, ,4,2,1, ,2,0,1,0, ,0.7083333333333334,0.85,0.7727272727272727, ,44.44444444444444,50.0,12.5, ,40.0,0.0,12.5,0, ,40.0,20.0,10.0,20.0,0.0,10.0,0.0
Average,16.666666666666668,14.0,7.0,3.3333333333333335, ,4.666666666666667,2.0,0.3333333333333333, ,1.6666666666666667,0.6666666666666666,1.0,0.0, ,0.7033838383838384,0.8333333333333334,0.7623376623376622, ,51.85185185185185,50.0,4.166666666666667, ,33.333333333333336,11.111111111111112,12.5,0.0, ,45.74074074074074,19.62962962962963,3.3333333333333335,15.925925925925926,6.481481481481481,8.88888888888889,0.0
