FileName/RunID,True Positives,True Negatives,False Positives,False Negatives, ,FP: Explicit in Axiom,FP: Explicit in NL,FP: Perfect Match, ,FN: More Info in Axiom,FN:More Info in NL,FN:No Contradictions,FN:Contradictions, ,Precision,Recall,F1-Score, ,% of Explicit in Axiom Wrong,% of Explicit in NL Wrong,% Of Perfect Match Wrong, ,% of More in Axiom Wrong,% of More in NL Wrong,% of No Contradictions Wrong,% of Contradictions Wrong, ,% of Errors Ex in Ax,% of Errors Ex in NL,% of Errors Perfect,% of Errors More in Axiom,% of Errors More in NL,% of Errors No Contradictions,% of Errors Contradictions
results-06c.json,19,4,17,1, ,7,3,7, ,0,1,0,0, ,0.5277777777777778,0.95,0.6785714285714285, ,77.77777777777777,75.0,87.5, ,0.0,16.666666666666668,0.0,0, ,38.888888888888886,16.666666666666668,38.888888888888886,0.0,5.555555555555555,0.0,0.0
results-06a.json,19,4,17,1, ,9,3,5, ,1,0,0,0, ,0.5277777777777778,0.95,0.6785714285714285, ,100.0,75.0,62.5, ,20.0,0.0,0.0,0, ,50.0,16.666666666666668,27.77777777777778,5.555555555555555,0.0,0.0,0.0
results-06b.json,19,3,18,1, ,8,3,7, ,1,0,0,0, ,0.5135135135135135,0.95,0.6666666666666667, ,88.88888888888889,75.0,87.5, ,20.0,0.0,0.0,0, ,42.10526315789474,15.789473684210526,36.8421052631579,5.2631578947368425,0.0,0.0,0.0
Average,19.0,3.6666666666666665,17.333333333333332,1.0, ,8.0,3.0,6.333333333333333, ,0.6666666666666666,0.3333333333333333,0.0,0.0, ,0.523023023023023,0.9499999999999998,0.6746031746031745, ,88.88888888888887,75.0,79.16666666666667, ,13.333333333333334,5.555555555555556,0.0,0.0, ,43.66471734892787,16.374269005847953,34.50292397660818,3.6062378167641325,1.8518518518518519,0.0,0.0
