FileName/RunID,True Positives,True Negatives,False Positives,False Negatives, ,FP: Explicit in Axiom,FP: Explicit in NL,FP: Perfect Match, ,FN: More Info in Axiom,FN:More Info in NL,FN:No Contradictions,FN:Contradictions, ,Precision,Recall,F1-Score, ,% of Explicit in Axiom Wrong,% of Explicit in NL Wrong,% Of Perfect Match Wrong, ,% of More in Axiom Wrong,% of More in NL Wrong,% of No Contradictions Wrong,% of Contradictions Wrong, ,% of Errors Ex in Ax,% of Errors Ex in NL,% of Errors Perfect,% of Errors More in Axiom,% of Errors More in NL,% of Errors No Contradictions,% of Errors Contradictions
results-17b.json,16,13,8,4, ,6,2,0, ,0,1,3,0, ,0.6666666666666666,0.8,0.7272727272727272, ,66.66666666666667,50.0,0.0, ,0.0,16.666666666666668,37.5,0, ,50.0,16.666666666666668,0.0,0.0,8.333333333333334,25.0,0.0
results-17c.json,17,14,7,3, ,4,2,1, ,1,1,1,0, ,0.7083333333333334,0.85,0.7727272727272727, ,44.44444444444444,50.0,12.5, ,20.0,16.666666666666668,12.5,0, ,40.0,20.0,10.0,10.0,10.0,10.0,0.0
results-17a.json,15,14,7,5, ,4,2,1, ,2,3,0,0, ,0.6818181818181818,0.75,0.7142857142857143, ,44.44444444444444,50.0,12.5, ,40.0,50.0,0.0,0, ,33.333333333333336,16.666666666666668,8.333333333333334,16.666666666666668,25.0,0.0,0.0
Average,16.0,13.666666666666666,7.333333333333333,4.0, ,4.666666666666667,2.0,0.6666666666666666, ,1.0,1.6666666666666667,1.3333333333333333,0.0, ,0.6856060606060606,0.7999999999999999,0.7380952380952381, ,51.85185185185185,50.0,8.333333333333334, ,20.0,27.777777777777782,16.666666666666668,0.0, ,41.111111111111114,17.777777777777782,6.111111111111112,8.88888888888889,14.444444444444445,11.666666666666666,0.0
