FileName/RunID,True Positives,True Negatives,False Positives,False Negatives, ,FP: Explicit in Axiom,FP: Explicit in NL,FP: Perfect Match, ,FN: More Info in Axiom,FN:More Info in NL,FN:No Contradictions,FN:Contradictions, ,Precision,Recall,F1-Score, ,% of Explicit in Axiom Wrong,% of Explicit in NL Wrong,% Of Perfect Match Wrong, ,% of More in Axiom Wrong,% of More in NL Wrong,% of No Contradictions Wrong,% of Contradictions Wrong, ,% of Errors Ex in Ax,% of Errors Ex in NL,% of Errors Perfect,% of Errors More in Axiom,% of Errors More in NL,% of Errors No Contradictions,% of Errors Contradictions
results-17b.json,11,20,1,9, ,1,0,0, ,2,3,4,0, ,0.9166666666666666,0.55,0.6874999999999999, ,11.11111111111111,0.0,0.0, ,40.0,50.0,50.0,0, ,10.0,0.0,0.0,20.0,30.0,40.0,0.0
results-17c.json,8,20,1,12, ,0,1,0, ,4,5,3,0, ,0.8888888888888888,0.4,0.5517241379310346, ,0.0,25.0,0.0, ,80.0,83.33333333333333,37.5,0, ,0.0,7.6923076923076925,0.0,30.76923076923077,38.46153846153846,23.076923076923077,0.0
results-17a.json,12,20,1,8, ,1,0,0, ,3,4,1,0, ,0.9230769230769231,0.6,0.7272727272727274, ,11.11111111111111,0.0,0.0, ,60.0,66.66666666666667,12.5,0, ,11.11111111111111,0.0,0.0,33.333333333333336,44.44444444444444,11.11111111111111,0.0
Average,10.333333333333334,20.0,1.0,9.666666666666666, ,0.6666666666666666,0.3333333333333333,0.0, ,3.0,4.0,2.6666666666666665,0.0, ,0.9095441595441596,0.5166666666666667,0.6554989550679206, ,7.407407407407407,8.333333333333334,0.0, ,60.0,66.66666666666667,33.333333333333336,0.0, ,7.037037037037037,2.5641025641025643,0.0,28.034188034188038,37.635327635327634,24.72934472934473,0.0
