FileName/RunID,True Positives,True Negatives,False Positives,False Negatives, ,FP: Explicit in Axiom,FP: Explicit in NL,FP: Perfect Match, ,FN: More Info in Axiom,FN:More Info in NL,FN:No Contradictions,FN:Contradictions, ,Precision,Recall,F1-Score, ,% of Explicit in Axiom Wrong,% of Explicit in NL Wrong,% Of Perfect Match Wrong, ,% of More in Axiom Wrong,% of More in NL Wrong,% of No Contradictions Wrong,% of Contradictions Wrong, ,% of Errors Ex in Ax,% of Errors Ex in NL,% of Errors Perfect,% of Errors More in Axiom,% of Errors More in NL,% of Errors No Contradictions,% of Errors Contradictions
results-04a.json,20,0,21,0, ,9,4,8, ,0,0,0,0, ,0.4878048780487805,1.0,0.6557377049180327, ,100.0,100.0,100.0, ,0.0,0.0,0.0,0, ,42.857142857142854,19.047619047619047,38.095238095238095,0.0,0.0,0.0,0.0
results-04c.json,20,1,20,0, ,9,3,8, ,0,0,0,0, ,0.5,1.0,0.6666666666666666, ,100.0,75.0,100.0, ,0.0,0.0,0.0,0, ,45.0,15.0,40.0,0.0,0.0,0.0,0.0
results-04b.json,20,0,21,0, ,9,4,8, ,0,0,0,0, ,0.4878048780487805,1.0,0.6557377049180327, ,100.0,100.0,100.0, ,0.0,0.0,0.0,0, ,42.857142857142854,19.047619047619047,38.095238095238095,0.0,0.0,0.0,0.0
Average,20.0,0.3333333333333333,20.666666666666668,0.0, ,9.0,3.6666666666666665,8.0, ,0.0,0.0,0.0,0.0, ,0.491869918699187,1.0,0.6593806921675774, ,100.0,91.66666666666667,100.0, ,0.0,0.0,0.0,0.0, ,43.57142857142858,17.6984126984127,38.730158730158735,0.0,0.0,0.0,0.0
