FileName/RunID,True Positives,True Negatives,False Positives,False Negatives, ,FP: Explicit in Axiom,FP: Explicit in NL,FP: Perfect Match, ,FN: More Info in Axiom,FN:More Info in NL,FN:No Contradictions,FN:Contradictions, ,Precision,Recall,F1-Score, ,% of Explicit in Axiom Wrong,% of Explicit in NL Wrong,% Of Perfect Match Wrong, ,% of More in Axiom Wrong,% of More in NL Wrong,% of No Contradictions Wrong,% of Contradictions Wrong, ,% of Errors Ex in Ax,% of Errors Ex in NL,% of Errors Perfect,% of Errors More in Axiom,% of Errors More in NL,% of Errors No Contradictions,% of Errors Contradictions
results-05b.json,20,1,20,0, ,9,3,8, ,0,0,0,0, ,0.5,1.0,0.6666666666666666, ,100.0,75.0,100.0, ,0.0,0.0,0.0,0, ,45.0,15.0,40.0,0.0,0.0,0.0,0.0
results-05c.json,20,2,19,0, ,9,3,7, ,0,0,0,0, ,0.5128205128205128,1.0,0.6779661016949152, ,100.0,75.0,87.5, ,0.0,0.0,0.0,0, ,47.36842105263158,15.789473684210526,36.8421052631579,0.0,0.0,0.0,0.0
results-05a.json,19,1,20,1, ,9,3,8, ,0,1,0,0, ,0.48717948717948717,0.95,0.6440677966101694, ,100.0,75.0,100.0, ,0.0,16.666666666666668,0.0,0, ,42.857142857142854,14.285714285714286,38.095238095238095,0.0,4.761904761904762,0.0,0.0
Average,19.666666666666668,1.3333333333333333,19.666666666666668,0.3333333333333333, ,9.0,3.0,7.666666666666667, ,0.0,0.3333333333333333,0.0,0.0, ,0.5,0.9833333333333334,0.6629001883239171, ,100.0,75.0,95.83333333333333, ,0.0,5.555555555555556,0.0,0.0, ,45.07518796992482,15.025062656641603,38.312447786132,0.0,1.5873015873015872,0.0,0.0
