FileName/RunID,True Positives,True Negatives,False Positives,False Negatives, ,FP: Explicit in Axiom,FP: Explicit in NL,FP: Perfect Match, ,FN: More Info in Axiom,FN:More Info in NL,FN:No Contradictions,FN:Contradictions, ,Precision,Recall,F1-Score, ,% of Explicit in Axiom Wrong,% of Explicit in NL Wrong,% Of Perfect Match Wrong, ,% of More in Axiom Wrong,% of More in NL Wrong,% of No Contradictions Wrong,% of Contradictions Wrong, ,% of Errors Ex in Ax,% of Errors Ex in NL,% of Errors Perfect,% of Errors More in Axiom,% of Errors More in NL,% of Errors No Contradictions,% of Errors Contradictions
results-05b.json,20,5,16,0, ,7,3,6, ,0,0,0,0, ,0.5555555555555556,1.0,0.7142857142857143, ,77.77777777777777,75.0,75.0, ,0.0,0.0,0.0,0, ,43.75,18.75,37.5,0.0,0.0,0.0,0.0
results-05c.json,19,5,16,1, ,8,2,6, ,0,1,0,0, ,0.5428571428571428,0.95,0.6909090909090908, ,88.88888888888889,50.0,75.0, ,0.0,16.666666666666668,0.0,0, ,47.05882352941177,11.764705882352942,35.294117647058826,0.0,5.882352941176471,0.0,0.0
results-05a.json,19,6,15,1, ,9,2,4, ,1,0,0,0, ,0.5588235294117647,0.95,0.7037037037037037, ,100.0,50.0,50.0, ,20.0,0.0,0.0,0, ,56.25,12.5,25.0,6.25,0.0,0.0,0.0
Average,19.333333333333332,5.333333333333333,15.666666666666666,0.6666666666666666, ,8.0,2.3333333333333335,5.333333333333333, ,0.3333333333333333,0.3333333333333333,0.0,0.0, ,0.5524120759414878,0.9666666666666667,0.7029661696328363, ,88.88888888888887,58.333333333333336,66.66666666666667, ,6.666666666666667,5.555555555555556,0.0,0.0, ,49.01960784313726,14.338235294117647,32.59803921568628,2.0833333333333335,1.9607843137254903,0.0,0.0
