FileName/RunID,True Positives,True Negatives,False Positives,False Negatives, ,FP: Explicit in Axiom,FP: Explicit in NL,FP: Perfect Match, ,FN: More Info in Axiom,FN:More Info in NL,FN:No Contradictions,FN:Contradictions, ,Precision,Recall,F1-Score, ,% of Explicit in Axiom Wrong,% of Explicit in NL Wrong,% Of Perfect Match Wrong, ,% of More in Axiom Wrong,% of More in NL Wrong,% of No Contradictions Wrong,% of Contradictions Wrong, ,% of Errors Ex in Ax,% of Errors Ex in NL,% of Errors Perfect,% of Errors More in Axiom,% of Errors More in NL,% of Errors No Contradictions,% of Errors Contradictions
results-16a.json,12,21,0,8, ,0,0,0, ,2,3,3,0, ,1.0,0.6,0.7499999999999999, ,0.0,0.0,0.0, ,40.0,50.0,37.5,0, ,0.0,0.0,0.0,25.0,37.5,37.5,0.0
results-16c.json,12,20,1,8, ,1,0,0, ,3,2,3,0, ,0.9230769230769231,0.6,0.7272727272727274, ,11.11111111111111,0.0,0.0, ,60.0,33.333333333333336,37.5,0, ,11.11111111111111,0.0,0.0,33.333333333333336,22.22222222222222,33.333333333333336,0.0
results-16b.json,9,20,1,11, ,1,0,0, ,4,4,3,0, ,0.9,0.45,0.6, ,11.11111111111111,0.0,0.0, ,80.0,66.66666666666667,37.5,0, ,8.333333333333334,0.0,0.0,33.333333333333336,33.333333333333336,25.0,0.0
Average,11.0,20.333333333333332,0.6666666666666666,9.0, ,0.6666666666666666,0.0,0.0, ,3.0,3.0,3.0,0.0, ,0.9410256410256411,0.5499999999999999,0.6924242424242424, ,7.407407407407407,0.0,0.0, ,60.0,50.0,37.5,0.0, ,6.481481481481481,0.0,0.0,30.555555555555557,31.01851851851852,31.944444444444446,0.0
