FileName/RunID,True Positives,True Negatives,False Positives,False Negatives, ,FP: Explicit in Axiom,FP: Explicit in NL,FP: Perfect Match, ,FN: More Info in Axiom,FN:More Info in NL,FN:No Contradictions,FN:Contradictions, ,Precision,Recall,F1-Score, ,% of Explicit in Axiom Wrong,% of Explicit in NL Wrong,% Of Perfect Match Wrong, ,% of More in Axiom Wrong,% of More in NL Wrong,% of No Contradictions Wrong,% of Contradictions Wrong, ,% of Errors Ex in Ax,% of Errors Ex in NL,% of Errors Perfect,% of Errors More in Axiom,% of Errors More in NL,% of Errors No Contradictions,% of Errors Contradictions
results-16a.json,15,15,6,5, ,5,1,0, ,2,1,2,0, ,0.7142857142857143,0.75,0.7317073170731706, ,55.55555555555556,25.0,0.0, ,40.0,16.666666666666668,25.0,0, ,45.45454545454545,9.090909090909092,0.0,18.181818181818183,9.090909090909092,18.181818181818183,0.0
results-16c.json,17,18,3,3, ,3,0,0, ,0,1,2,0, ,0.85,0.85,0.85, ,33.333333333333336,0.0,0.0, ,0.0,16.666666666666668,25.0,0, ,50.0,0.0,0.0,0.0,16.666666666666668,33.333333333333336,0.0
results-16b.json,18,13,8,2, ,5,3,0, ,1,0,1,0, ,0.6923076923076923,0.9,0.7826086956521738, ,55.55555555555556,75.0,0.0, ,20.0,0.0,12.5,0, ,50.0,30.0,0.0,10.0,0.0,10.0,0.0
Average,16.666666666666668,15.333333333333334,5.666666666666667,3.3333333333333335, ,4.333333333333333,1.3333333333333333,0.0, ,1.0,0.6666666666666666,1.6666666666666667,0.0, ,0.7521978021978022,0.8333333333333334,0.7881053375751148, ,48.14814814814815,33.333333333333336,0.0, ,20.0,11.111111111111112,20.833333333333332,0.0, ,48.48484848484848,13.030303030303031,0.0,9.393939393939394,8.585858585858587,20.505050505050505,0.0
