FileName/RunID,True Positives,True Negatives,False Positives,False Negatives, ,FP: Explicit in Axiom,FP: Explicit in NL,FP: Perfect Match, ,FN: More Info in Axiom,FN:More Info in NL,FN:No Contradictions,FN:Contradictions, ,Precision,Recall,F1-Score, ,% of Explicit in Axiom Wrong,% of Explicit in NL Wrong,% Of Perfect Match Wrong, ,% of More in Axiom Wrong,% of More in NL Wrong,% of No Contradictions Wrong,% of Contradictions Wrong, ,% of Errors Ex in Ax,% of Errors Ex in NL,% of Errors Perfect,% of Errors More in Axiom,% of Errors More in NL,% of Errors No Contradictions,% of Errors Contradictions
results-07a.json,19,3,18,1, ,9,4,5, ,0,1,0,0, ,0.5135135135135135,0.95,0.6666666666666667, ,100.0,100.0,62.5, ,0.0,16.666666666666668,0.0,0, ,47.36842105263158,21.05263157894737,26.31578947368421,0.0,5.2631578947368425,0.0,0.0
results-07c.json,20,3,18,0, ,9,3,6, ,0,0,0,0, ,0.5263157894736842,1.0,0.6896551724137931, ,100.0,75.0,75.0, ,0.0,0.0,0.0,0, ,50.0,16.666666666666668,33.333333333333336,0.0,0.0,0.0,0.0
results-07b.json,18,5,16,2, ,9,4,3, ,0,2,0,0, ,0.5294117647058824,0.9,0.6666666666666667, ,100.0,100.0,37.5, ,0.0,33.333333333333336,0.0,0, ,50.0,22.22222222222222,16.666666666666668,0.0,11.11111111111111,0.0,0.0
Average,19.0,3.6666666666666665,17.333333333333332,1.0, ,9.0,3.6666666666666665,4.666666666666667, ,0.0,1.0,0.0,0.0, ,0.5230803558976933,0.9500000000000001,0.6743295019157088, ,100.0,91.66666666666667,58.333333333333336, ,0.0,16.666666666666668,0.0,0.0, ,49.12280701754386,19.98050682261209,25.438596491228072,0.0,5.458089668615984,0.0,0.0
