FileName/RunID,True Positives,True Negatives,False Positives,False Negatives, ,FP: Explicit in Axiom,FP: Explicit in NL,FP: Perfect Match, ,FN: More Info in Axiom,FN:More Info in NL,FN:No Contradictions,FN:Contradictions, ,Precision,Recall,F1-Score, ,% of Explicit in Axiom Wrong,% of Explicit in NL Wrong,% Of Perfect Match Wrong, ,% of More in Axiom Wrong,% of More in NL Wrong,% of No Contradictions Wrong,% of Contradictions Wrong, ,% of Errors Ex in Ax,% of Errors Ex in NL,% of Errors Perfect,% of Errors More in Axiom,% of Errors More in NL,% of Errors No Contradictions,% of Errors Contradictions
results-07a.json,18,7,14,2, ,8,2,4, ,2,0,0,0, ,0.5625,0.9,0.6923076923076923, ,88.88888888888889,50.0,50.0, ,40.0,0.0,0.0,0, ,50.0,12.5,25.0,12.5,0.0,0.0,0.0
results-07c.json,18,8,13,2, ,6,1,6, ,0,2,0,0, ,0.5806451612903226,0.9,0.7058823529411764, ,66.66666666666667,25.0,75.0, ,0.0,33.333333333333336,0.0,0, ,40.0,6.666666666666667,40.0,0.0,13.333333333333334,0.0,0.0
results-07b.json,20,6,15,0, ,7,2,6, ,0,0,0,0, ,0.5714285714285714,1.0,0.7272727272727273, ,77.77777777777777,50.0,75.0, ,0.0,0.0,0.0,0, ,46.666666666666664,13.333333333333334,40.0,0.0,0.0,0.0,0.0
Average,18.666666666666668,7.0,14.0,1.3333333333333333, ,7.0,1.6666666666666667,5.333333333333333, ,0.6666666666666666,0.6666666666666666,0.0,0.0, ,0.5715245775729646,0.9333333333333332,0.7084875908405319, ,77.77777777777777,41.666666666666664,66.66666666666667, ,13.333333333333334,11.111111111111112,0.0,0.0, ,45.55555555555555,10.833333333333334,35.0,4.166666666666667,4.444444444444445,0.0,0.0
