FileName/RunID,True Positives,True Negatives,False Positives,False Negatives, ,FP: Explicit in Axiom,FP: Explicit in NL,FP: Perfect Match, ,FN: More Info in Axiom,FN:More Info in NL,FN:No Contradictions,FN:Contradictions, ,Precision,Recall,F1-Score, ,% of Explicit in Axiom Wrong,% of Explicit in NL Wrong,% Of Perfect Match Wrong, ,% of More in Axiom Wrong,% of More in NL Wrong,% of No Contradictions Wrong,% of Contradictions Wrong, ,% of Errors Ex in Ax,% of Errors Ex in NL,% of Errors Perfect,% of Errors More in Axiom,% of Errors More in NL,% of Errors No Contradictions,% of Errors Contradictions
results-11b.json,14,14,7,6, ,4,2,1, ,2,2,2,0, ,0.6666666666666666,0.7,0.6829268292682926, ,44.44444444444444,50.0,12.5, ,40.0,33.333333333333336,25.0,0, ,30.76923076923077,15.384615384615385,7.6923076923076925,15.384615384615385,15.384615384615385,15.384615384615385,0.0
results-11c.json,12,16,5,8, ,4,1,0, ,2,2,4,0, ,0.7058823529411765,0.6,0.6486486486486486, ,44.44444444444444,25.0,0.0, ,40.0,33.333333333333336,50.0,0, ,30.76923076923077,7.6923076923076925,0.0,15.384615384615385,15.384615384615385,30.76923076923077,0.0
results-11a.json,13,18,3,7, ,3,0,0, ,2,1,4,0, ,0.8125,0.65,0.7222222222222223, ,33.333333333333336,0.0,0.0, ,40.0,16.666666666666668,50.0,0, ,30.0,0.0,0.0,20.0,10.0,40.0,0.0
Average,13.0,16.0,5.0,7.0, ,3.6666666666666665,1.0,0.3333333333333333, ,2.0,1.6666666666666667,3.3333333333333335,0.0, ,0.7283496732026143,0.6499999999999999,0.6845992333797212, ,40.74074074074074,25.0,4.166666666666667, ,40.0,27.777777777777782,41.666666666666664,0.0, ,30.512820512820515,7.6923076923076925,2.5641025641025643,16.923076923076923,13.589743589743591,28.71794871794872,0.0
