FileName/RunID,True Positives,True Negatives,False Positives,False Negatives, ,FP: Explicit in Axiom,FP: Explicit in NL,FP: Perfect Match, ,FN: More Info in Axiom,FN:More Info in NL,FN:No Contradictions,FN:Contradictions, ,Precision,Recall,F1-Score, ,% of Explicit in Axiom Wrong,% of Explicit in NL Wrong,% Of Perfect Match Wrong, ,% of More in Axiom Wrong,% of More in NL Wrong,% of No Contradictions Wrong,% of Contradictions Wrong, ,% of Errors Ex in Ax,% of Errors Ex in NL,% of Errors Perfect,% of Errors More in Axiom,% of Errors More in NL,% of Errors No Contradictions,% of Errors Contradictions
results-11b.json,9,21,0,11, ,0,0,0, ,3,5,3,0, ,1.0,0.45,0.6206896551724138, ,0.0,0.0,0.0, ,60.0,83.33333333333333,37.5,0, ,0.0,0.0,0.0,27.272727272727273,45.45454545454545,27.272727272727273,0.0
results-11c.json,7,20,1,13, ,1,0,0, ,4,5,4,0, ,0.875,0.35,0.4999999999999999, ,11.11111111111111,0.0,0.0, ,80.0,83.33333333333333,50.0,0, ,7.142857142857143,0.0,0.0,28.571428571428573,35.714285714285715,28.571428571428573,0.0
results-11a.json,10,20,1,10, ,1,0,0, ,3,5,2,0, ,0.9090909090909091,0.5,0.6451612903225806, ,11.11111111111111,0.0,0.0, ,60.0,83.33333333333333,25.0,0, ,9.090909090909092,0.0,0.0,27.272727272727273,45.45454545454545,18.181818181818183,0.0
Average,8.666666666666666,20.333333333333332,0.6666666666666666,11.333333333333334, ,0.6666666666666666,0.0,0.0, ,3.3333333333333335,5.0,3.0,0.0, ,0.9280303030303031,0.43333333333333335,0.5886169818316648, ,7.407407407407407,0.0,0.0, ,66.66666666666667,83.33333333333333,37.5,0.0, ,5.411255411255412,0.0,0.0,27.705627705627705,42.2077922077922,24.675324675324678,0.0
