FileName/RunID,True Positives,True Negatives,False Positives,False Negatives, ,FP: Explicit in Axiom,FP: Explicit in NL,FP: Perfect Match, ,FN: More Info in Axiom,FN:More Info in NL,FN:No Contradictions,FN:Contradictions, ,Precision,Recall,F1-Score, ,% of Explicit in Axiom Wrong,% of Explicit in NL Wrong,% Of Perfect Match Wrong, ,% of More in Axiom Wrong,% of More in NL Wrong,% of No Contradictions Wrong,% of Contradictions Wrong, ,% of Errors Ex in Ax,% of Errors Ex in NL,% of Errors Perfect,% of Errors More in Axiom,% of Errors More in NL,% of Errors No Contradictions,% of Errors Contradictions
results-09c.json,11,19,2,9, ,2,0,0, ,2,2,5,0, ,0.8461538461538461,0.55,0.6666666666666667, ,22.22222222222222,0.0,0.0, ,40.0,33.333333333333336,62.5,0, ,18.181818181818183,0.0,0.0,18.181818181818183,18.181818181818183,45.45454545454545,0.0
results-09b.json,8,18,3,12, ,2,1,0, ,3,5,4,0, ,0.7272727272727273,0.4,0.5161290322580645, ,22.22222222222222,25.0,0.0, ,60.0,83.33333333333333,50.0,0, ,13.333333333333334,6.666666666666667,0.0,20.0,33.333333333333336,26.666666666666668,0.0
results-09a.json,15,21,0,5, ,0,0,0, ,0,4,1,0, ,1.0,0.75,0.8571428571428571, ,0.0,0.0,0.0, ,0.0,66.66666666666667,12.5,0, ,0.0,0.0,0.0,0.0,80.0,20.0,0.0
Average,11.333333333333334,19.333333333333332,1.6666666666666667,8.666666666666666, ,1.3333333333333333,0.3333333333333333,0.0, ,1.6666666666666667,3.6666666666666665,3.3333333333333335,0.0, ,0.8578088578088577,0.5666666666666668,0.679979518689196, ,14.814814814814815,8.333333333333334,0.0, ,33.333333333333336,61.11111111111111,41.666666666666664,0.0, ,10.505050505050505,2.2222222222222223,0.0,12.727272727272728,43.838383838383834,30.70707070707071,0.0
