FileName/RunID,True Positives,True Negatives,False Positives,False Negatives, ,FP: Explicit in Axiom,FP: Explicit in NL,FP: Perfect Match, ,FN: More Info in Axiom,FN:More Info in NL,FN:No Contradictions,FN:Contradictions, ,Precision,Recall,F1-Score, ,% of Explicit in Axiom Wrong,% of Explicit in NL Wrong,% Of Perfect Match Wrong, ,% of More in Axiom Wrong,% of More in NL Wrong,% of No Contradictions Wrong,% of Contradictions Wrong, ,% of Errors Ex in Ax,% of Errors Ex in NL,% of Errors Perfect,% of Errors More in Axiom,% of Errors More in NL,% of Errors No Contradictions,% of Errors Contradictions
results-09c.json,5,21,0,15, ,0,0,0, ,4,6,5,0, ,1.0,0.25,0.4, ,0.0,0.0,0.0, ,80.0,100.0,62.5,0, ,0.0,0.0,0.0,26.666666666666668,40.0,33.333333333333336,0.0
results-09b.json,7,20,1,13, ,1,0,0, ,2,6,5,0, ,0.875,0.35,0.4999999999999999, ,11.11111111111111,0.0,0.0, ,40.0,100.0,62.5,0, ,7.142857142857143,0.0,0.0,14.285714285714286,42.857142857142854,35.714285714285715,0.0
results-09a.json,6,21,0,14, ,0,0,0, ,5,3,6,0, ,1.0,0.3,0.4615384615384615, ,0.0,0.0,0.0, ,100.0,50.0,75.0,0, ,0.0,0.0,0.0,35.714285714285715,21.428571428571427,42.857142857142854,0.0
Average,6.0,20.666666666666668,0.3333333333333333,14.0, ,0.3333333333333333,0.0,0.0, ,3.6666666666666665,5.0,5.333333333333333,0.0, ,0.9583333333333334,0.3,0.4538461538461538, ,3.7037037037037037,0.0,0.0, ,73.33333333333333,83.33333333333333,66.66666666666667,0.0, ,2.380952380952381,0.0,0.0,25.555555555555557,34.761904761904766,37.3015873015873,0.0
