FileName/RunID,True Positives,True Negatives,False Positives,False Negatives, ,FP: Explicit in Axiom,FP: Explicit in NL,FP: Perfect Match, ,FN: More Info in Axiom,FN:More Info in NL,FN:No Contradictions,FN:Contradictions, ,Precision,Recall,F1-Score, ,% of Explicit in Axiom Wrong,% of Explicit in NL Wrong,% Of Perfect Match Wrong, ,% of More in Axiom Wrong,% of More in NL Wrong,% of No Contradictions Wrong,% of Contradictions Wrong, ,% of Errors Ex in Ax,% of Errors Ex in NL,% of Errors Perfect,% of Errors More in Axiom,% of Errors More in NL,% of Errors No Contradictions,% of Errors Contradictions
results-14c.json,20,5,16,0, ,7,2,7, ,0,0,0,0, ,0.5555555555555556,1.0,0.7142857142857143, ,77.77777777777777,50.0,87.5, ,0.0,0.0,0.0,0, ,43.75,12.5,43.75,0.0,0.0,0.0,0.0
results-14a.json,18,3,18,2, ,8,3,7, ,1,1,0,0, ,0.5,0.9,0.6428571428571429, ,88.88888888888889,75.0,87.5, ,20.0,16.666666666666668,0.0,0, ,40.0,15.0,35.0,5.0,5.0,0.0,0.0
results-14b.json,18,4,17,2, ,6,4,7, ,1,1,0,0, ,0.5142857142857142,0.9,0.6545454545454545, ,66.66666666666667,100.0,87.5, ,20.0,16.666666666666668,0.0,0, ,31.57894736842105,21.05263157894737,36.8421052631579,5.2631578947368425,5.2631578947368425,0.0,0.0
Average,18.666666666666668,4.0,17.0,1.3333333333333333, ,7.0,3.0,7.0, ,0.6666666666666666,0.6666666666666666,0.0,0.0, ,0.5232804232804232,0.9333333333333332,0.6705627705627707, ,77.77777777777777,75.0,87.5, ,13.333333333333334,11.111111111111112,0.0,0.0, ,38.44298245614035,16.18421052631579,38.530701754385966,3.4210526315789473,3.4210526315789473,0.0,0.0
