FileName/RunID,True Positives,True Negatives,False Positives,False Negatives, ,FP: Explicit in Axiom,FP: Explicit in NL,FP: Perfect Match, ,FN: More Info in Axiom,FN:More Info in NL,FN:No Contradictions,FN:Contradictions, ,Precision,Recall,F1-Score, ,% of Explicit in Axiom Wrong,% of Explicit in NL Wrong,% Of Perfect Match Wrong, ,% of More in Axiom Wrong,% of More in NL Wrong,% of No Contradictions Wrong,% of Contradictions Wrong, ,% of Errors Ex in Ax,% of Errors Ex in NL,% of Errors Perfect,% of Errors More in Axiom,% of Errors More in NL,% of Errors No Contradictions,% of Errors Contradictions
results-14c.json,19,2,19,1, ,9,3,7, ,1,0,0,0, ,0.5,0.95,0.6551724137931034, ,100.0,75.0,87.5, ,20.0,0.0,0.0,0, ,45.0,15.0,35.0,5.0,0.0,0.0,0.0
results-14a.json,20,4,17,0, ,9,4,4, ,0,0,0,0, ,0.5405405405405406,1.0,0.7017543859649124, ,100.0,100.0,50.0, ,0.0,0.0,0.0,0, ,52.94117647058823,23.529411764705884,23.529411764705884,0.0,0.0,0.0,0.0
results-14b.json,19,3,18,1, ,9,3,6, ,1,0,0,0, ,0.5135135135135135,0.95,0.6666666666666667, ,100.0,75.0,75.0, ,20.0,0.0,0.0,0, ,47.36842105263158,15.789473684210526,31.57894736842105,5.2631578947368425,0.0,0.0,0.0
Average,19.333333333333332,3.0,18.0,0.6666666666666666, ,9.0,3.3333333333333335,5.666666666666667, ,0.6666666666666666,0.0,0.0,0.0, ,0.518018018018018,0.9666666666666667,0.6745311554748943, ,100.0,83.33333333333333,70.83333333333333, ,13.333333333333334,0.0,0.0,0.0, ,48.43653250773994,18.106295149638804,30.036119711042314,3.4210526315789473,0.0,0.0,0.0
