FileName/RunID,True Positives,True Negatives,False Positives,False Negatives, ,FP: Explicit in Axiom,FP: Explicit in NL,FP: Perfect Match, ,FN: More Info in Axiom,FN:More Info in NL,FN:No Contradictions,FN:Contradictions, ,Precision,Recall,F1-Score, ,% of Explicit in Axiom Wrong,% of Explicit in NL Wrong,% Of Perfect Match Wrong, ,% of More in Axiom Wrong,% of More in NL Wrong,% of No Contradictions Wrong,% of Contradictions Wrong, ,% of Errors Ex in Ax,% of Errors Ex in NL,% of Errors Perfect,% of Errors More in Axiom,% of Errors More in NL,% of Errors No Contradictions,% of Errors Contradictions
results-12c.json,8,20,1,12, ,1,0,0, ,2,5,5,0, ,0.8888888888888888,0.4,0.5517241379310346, ,11.11111111111111,0.0,0.0, ,40.0,83.33333333333333,62.5,0, ,7.6923076923076925,0.0,0.0,15.384615384615385,38.46153846153846,38.46153846153846,0.0
results-12a.json,7,20,1,13, ,1,0,0, ,4,5,4,0, ,0.875,0.35,0.4999999999999999, ,11.11111111111111,0.0,0.0, ,80.0,83.33333333333333,50.0,0, ,7.142857142857143,0.0,0.0,28.571428571428573,35.714285714285715,28.571428571428573,0.0
results-12b.json,5,21,0,15, ,0,0,0, ,4,6,5,0, ,1.0,0.25,0.4, ,0.0,0.0,0.0, ,80.0,100.0,62.5,0, ,0.0,0.0,0.0,26.666666666666668,40.0,33.333333333333336,0.0
Average,6.666666666666667,20.333333333333332,0.6666666666666666,13.333333333333334, ,0.6666666666666666,0.0,0.0, ,3.3333333333333335,5.333333333333333,4.666666666666667,0.0, ,0.9212962962962963,0.3333333333333333,0.48390804597701154, ,7.407407407407407,0.0,0.0, ,66.66666666666667,88.88888888888887,58.333333333333336,0.0, ,4.945054945054945,0.0,0.0,23.540903540903543,38.05860805860806,33.45543345543346,0.0
