FileName/RunID,True Positives,True Negatives,False Positives,False Negatives, ,FP: Explicit in Axiom,FP: Explicit in NL,FP: Perfect Match, ,FN: More Info in Axiom,FN:More Info in NL,FN:No Contradictions,FN:Contradictions, ,Precision,Recall,F1-Score, ,% of Explicit in Axiom Wrong,% of Explicit in NL Wrong,% Of Perfect Match Wrong, ,% of More in Axiom Wrong,% of More in NL Wrong,% of No Contradictions Wrong,% of Contradictions Wrong, ,% of Errors Ex in Ax,% of Errors Ex in NL,% of Errors Perfect,% of Errors More in Axiom,% of Errors More in NL,% of Errors No Contradictions,% of Errors Contradictions
results-12c.json,14,16,5,6, ,4,1,0, ,1,3,2,0, ,0.7368421052631579,0.7,0.717948717948718, ,44.44444444444444,25.0,0.0, ,20.0,50.0,25.0,0, ,36.36363636363637,9.090909090909092,0.0,9.090909090909092,27.272727272727273,18.181818181818183,0.0
results-12a.json,9,17,4,11, ,4,0,0, ,3,3,5,0, ,0.6923076923076923,0.45,0.5454545454545455, ,44.44444444444444,0.0,0.0, ,60.0,50.0,62.5,0, ,26.666666666666668,0.0,0.0,20.0,20.0,33.333333333333336,0.0
results-12b.json,12,19,2,8, ,2,0,0, ,2,3,3,0, ,0.8571428571428571,0.6,0.7058823529411764, ,22.22222222222222,0.0,0.0, ,40.0,50.0,37.5,0, ,20.0,0.0,0.0,20.0,30.0,30.0,0.0
Average,11.666666666666666,17.333333333333332,3.6666666666666665,8.333333333333334, ,3.3333333333333335,0.3333333333333333,0.0, ,2.0,3.0,3.3333333333333335,0.0, ,0.7620975515712357,0.5833333333333334,0.65642853878148, ,37.03703703703704,8.333333333333334,0.0, ,40.0,50.0,41.666666666666664,0.0, ,27.67676767676768,3.0303030303030307,0.0,16.363636363636363,25.75757575757576,27.171717171717173,0.0
