FileName/RunID,True Positives,True Negatives,False Positives,False Negatives, ,FP: Explicit in Axiom,FP: Explicit in NL,FP: Perfect Match, ,FN: More Info in Axiom,FN:More Info in NL,FN:No Contradictions,FN:Contradictions, ,Precision,Recall,F1-Score, ,% of Explicit in Axiom Wrong,% of Explicit in NL Wrong,% Of Perfect Match Wrong, ,% of More in Axiom Wrong,% of More in NL Wrong,% of No Contradictions Wrong,% of Contradictions Wrong, ,% of Errors Ex in Ax,% of Errors Ex in NL,% of Errors Perfect,% of Errors More in Axiom,% of Errors More in NL,% of Errors No Contradictions,% of Errors Contradictions
results-19a.json,14,15,6,6, ,5,1,0, ,2,3,1,0, ,0.7,0.7,0.7, ,55.55555555555556,25.0,0.0, ,40.0,50.0,12.5,0, ,41.666666666666664,8.333333333333334,0.0,16.666666666666668,25.0,8.333333333333334,0.0
results-19b.json,17,13,8,3, ,7,1,0, ,2,1,0,0, ,0.68,0.85,0.7555555555555556, ,77.77777777777777,25.0,0.0, ,40.0,16.666666666666668,0.0,0, ,63.63636363636363,9.090909090909092,0.0,18.181818181818183,9.090909090909092,0.0,0.0
results-19c.json,15,15,6,5, ,5,1,0, ,2,1,2,0, ,0.7142857142857143,0.75,0.7317073170731706, ,55.55555555555556,25.0,0.0, ,40.0,16.666666666666668,25.0,0, ,45.45454545454545,9.090909090909092,0.0,18.181818181818183,9.090909090909092,18.181818181818183,0.0
Average,15.333333333333334,14.333333333333334,6.666666666666667,4.666666666666667, ,5.666666666666667,1.0,0.0, ,2.0,1.6666666666666667,1.0,0.0, ,0.6980952380952381,0.7666666666666666,0.7290876242095754, ,62.962962962962955,25.0,0.0, ,40.0,27.777777777777782,12.5,0.0, ,50.25252525252525,8.83838383838384,0.0,17.67676767676768,14.393939393939396,8.83838383838384,0.0
