FileName/RunID,True Positives,True Negatives,False Positives,False Negatives, ,FP: Explicit in Axiom,FP: Explicit in NL,FP: Perfect Match, ,FN: More Info in Axiom,FN:More Info in NL,FN:No Contradictions,FN:Contradictions, ,Precision,Recall,F1-Score, ,% of Explicit in Axiom Wrong,% of Explicit in NL Wrong,% Of Perfect Match Wrong, ,% of More in Axiom Wrong,% of More in NL Wrong,% of No Contradictions Wrong,% of Contradictions Wrong, ,% of Errors Ex in Ax,% of Errors Ex in NL,% of Errors Perfect,% of Errors More in Axiom,% of Errors More in NL,% of Errors No Contradictions,% of Errors Contradictions
results-19a.json,14,19,2,6, ,2,0,0, ,1,2,3,0, ,0.875,0.7,0.7777777777777777, ,22.22222222222222,0.0,0.0, ,20.0,33.333333333333336,37.5,0, ,25.0,0.0,0.0,12.5,25.0,37.5,0.0
results-19b.json,9,19,2,11, ,2,0,0, ,3,3,5,0, ,0.8181818181818182,0.45,0.5806451612903226, ,22.22222222222222,0.0,0.0, ,60.0,50.0,62.5,0, ,15.384615384615385,0.0,0.0,23.076923076923077,23.076923076923077,38.46153846153846,0.0
results-19c.json,13,20,1,7, ,1,0,0, ,1,3,3,0, ,0.9285714285714286,0.65,0.7647058823529412, ,11.11111111111111,0.0,0.0, ,20.0,50.0,37.5,0, ,12.5,0.0,0.0,12.5,37.5,37.5,0.0
Average,12.0,19.333333333333332,1.6666666666666667,8.0, ,1.6666666666666667,0.0,0.0, ,1.6666666666666667,2.6666666666666665,3.6666666666666665,0.0, ,0.8739177489177491,0.6,0.7077096071403471, ,18.51851851851852,0.0,0.0, ,33.333333333333336,44.44444444444445,45.833333333333336,0.0, ,17.628205128205128,0.0,0.0,16.025641025641026,28.525641025641026,37.82051282051282,0.0
