FileName/RunID,True Positives,True Negatives,False Positives,False Negatives, ,FP: Explicit in Axiom,FP: Explicit in NL,FP: Perfect Match, ,FN: More Info in Axiom,FN:More Info in NL,FN:No Contradictions,FN:Contradictions, ,Precision,Recall,F1-Score, ,% of Explicit in Axiom Wrong,% of Explicit in NL Wrong,% Of Perfect Match Wrong, ,% of More in Axiom Wrong,% of More in NL Wrong,% of No Contradictions Wrong,% of Contradictions Wrong, ,% of Errors Ex in Ax,% of Errors Ex in NL,% of Errors Perfect,% of Errors More in Axiom,% of Errors More in NL,% of Errors No Contradictions,% of Errors Contradictions
results-13b.json,14,14,7,6, ,5,1,1, ,2,3,1,0, ,0.6666666666666666,0.7,0.6829268292682926, ,55.55555555555556,25.0,12.5, ,40.0,50.0,12.5,0, ,38.46153846153846,7.6923076923076925,7.6923076923076925,15.384615384615385,23.076923076923077,7.6923076923076925,0.0
results-13c.json,15,15,6,5, ,6,0,0, ,1,2,2,0, ,0.7142857142857143,0.75,0.7317073170731706, ,66.66666666666667,0.0,0.0, ,20.0,33.333333333333336,25.0,0, ,54.54545454545455,0.0,0.0,9.090909090909092,18.181818181818183,18.181818181818183,0.0
results-13a.json,18,14,7,2, ,6,1,0, ,0,1,1,0, ,0.72,0.9,0.7999999999999999, ,66.66666666666667,25.0,0.0, ,0.0,16.666666666666668,12.5,0, ,66.66666666666667,11.11111111111111,0.0,0.0,11.11111111111111,11.11111111111111,0.0
Average,15.666666666666666,14.333333333333334,6.666666666666667,4.333333333333333, ,5.666666666666667,0.6666666666666666,0.3333333333333333, ,1.0,2.0,1.3333333333333333,0.0, ,0.7003174603174603,0.7833333333333333,0.7382113821138211, ,62.96296296296297,16.666666666666668,4.166666666666667, ,20.0,33.333333333333336,16.666666666666668,0.0, ,53.22455322455323,6.267806267806268,2.5641025641025643,8.158508158508159,17.456617456617455,12.328412328412329,0.0
