FileName/RunID,True Positives,True Negatives,False Positives,False Negatives, ,FP: Explicit in Axiom,FP: Explicit in NL,FP: Perfect Match, ,FN: More Info in Axiom,FN:More Info in NL,FN:No Contradictions,FN:Contradictions, ,Precision,Recall,F1-Score, ,% of Explicit in Axiom Wrong,% of Explicit in NL Wrong,% Of Perfect Match Wrong, ,% of More in Axiom Wrong,% of More in NL Wrong,% of No Contradictions Wrong,% of Contradictions Wrong, ,% of Errors Ex in Ax,% of Errors Ex in NL,% of Errors Perfect,% of Errors More in Axiom,% of Errors More in NL,% of Errors No Contradictions,% of Errors Contradictions
results-13b.json,13,21,0,7, ,0,0,0, ,3,3,1,0, ,1.0,0.65,0.787878787878788, ,0.0,0.0,0.0, ,60.0,50.0,12.5,0, ,0.0,0.0,0.0,42.857142857142854,42.857142857142854,14.285714285714286,0.0
results-13c.json,15,18,3,5, ,3,0,0, ,1,1,3,0, ,0.8333333333333334,0.75,0.7894736842105262, ,33.333333333333336,0.0,0.0, ,20.0,16.666666666666668,37.5,0, ,37.5,0.0,0.0,12.5,12.5,37.5,0.0
results-13a.json,15,21,0,5, ,0,0,0, ,2,3,0,0, ,1.0,0.75,0.8571428571428571, ,0.0,0.0,0.0, ,40.0,50.0,0.0,0, ,0.0,0.0,0.0,40.0,60.0,0.0,0.0
Average,14.333333333333334,20.0,1.0,5.666666666666667, ,1.0,0.0,0.0, ,2.0,2.3333333333333335,1.3333333333333333,0.0, ,0.9444444444444445,0.7166666666666667,0.8114984430773905, ,11.111111111111112,0.0,0.0, ,40.0,38.88888888888889,16.666666666666668,0.0, ,12.5,0.0,0.0,31.78571428571429,38.452380952380956,17.261904761904763,0.0
