FileName/RunID,True Positives,True Negatives,False Positives,False Negatives, ,FP: Explicit in Axiom,FP: Explicit in NL,FP: Perfect Match, ,FN: More Info in Axiom,FN:More Info in NL,FN:No Contradictions,FN:Contradictions, ,Precision,Recall,F1-Score, ,% of Explicit in Axiom Wrong,% of Explicit in NL Wrong,% Of Perfect Match Wrong, ,% of More in Axiom Wrong,% of More in NL Wrong,% of No Contradictions Wrong,% of Contradictions Wrong, ,% of Errors Ex in Ax,% of Errors Ex in NL,% of Errors Perfect,% of Errors More in Axiom,% of Errors More in NL,% of Errors No Contradictions,% of Errors Contradictions
results-15b.json,14,12,9,6, ,7,2,0, ,2,2,2,0, ,0.6086956521739131,0.7,0.6511627906976744, ,77.77777777777777,50.0,0.0, ,40.0,33.333333333333336,25.0,0, ,46.666666666666664,13.333333333333334,0.0,13.333333333333334,13.333333333333334,13.333333333333334,0.0
results-15a.json,12,16,5,8, ,4,1,0, ,3,2,3,0, ,0.7058823529411765,0.6,0.6486486486486486, ,44.44444444444444,25.0,0.0, ,60.0,33.333333333333336,37.5,0, ,30.76923076923077,7.6923076923076925,0.0,23.076923076923077,15.384615384615385,23.076923076923077,0.0
results-15c.json,14,17,4,6, ,3,1,0, ,2,2,2,0, ,0.7777777777777778,0.7,0.7368421052631577, ,33.333333333333336,25.0,0.0, ,40.0,33.333333333333336,25.0,0, ,30.0,10.0,0.0,20.0,20.0,20.0,0.0
Average,13.333333333333334,15.0,6.0,6.666666666666667, ,4.666666666666667,1.3333333333333333,0.0, ,2.3333333333333335,2.0,2.3333333333333335,0.0, ,0.6974519276309558,0.6666666666666666,0.6788845148698268, ,51.85185185185185,33.333333333333336,0.0, ,46.666666666666664,33.333333333333336,29.166666666666668,0.0, ,35.81196581196581,10.341880341880342,0.0,18.803418803418804,16.23931623931624,18.803418803418804,0.0
