FileName/RunID,True Positives,True Negatives,False Positives,False Negatives, ,FP: Explicit in Axiom,FP: Explicit in NL,FP: Perfect Match, ,FN: More Info in Axiom,FN:More Info in NL,FN:No Contradictions,FN:Contradictions, ,Precision,Recall,F1-Score, ,% of Explicit in Axiom Wrong,% of Explicit in NL Wrong,% Of Perfect Match Wrong, ,% of More in Axiom Wrong,% of More in NL Wrong,% of No Contradictions Wrong,% of Contradictions Wrong, ,% of Errors Ex in Ax,% of Errors Ex in NL,% of Errors Perfect,% of Errors More in Axiom,% of Errors More in NL,% of Errors No Contradictions,% of Errors Contradictions
results-15b.json,10,20,1,10, ,1,0,0, ,4,3,3,0, ,0.9090909090909091,0.5,0.6451612903225806, ,11.11111111111111,0.0,0.0, ,80.0,50.0,37.5,0, ,9.090909090909092,0.0,0.0,36.36363636363637,27.272727272727273,27.272727272727273,0.0
results-15a.json,11,19,2,9, ,1,1,0, ,3,4,2,0, ,0.8461538461538461,0.55,0.6666666666666667, ,11.11111111111111,25.0,0.0, ,60.0,66.66666666666667,25.0,0, ,9.090909090909092,9.090909090909092,0.0,27.272727272727273,36.36363636363637,18.181818181818183,0.0
results-15c.json,10,20,1,10, ,1,0,0, ,3,3,4,0, ,0.9090909090909091,0.5,0.6451612903225806, ,11.11111111111111,0.0,0.0, ,60.0,50.0,50.0,0, ,9.090909090909092,0.0,0.0,27.272727272727273,27.272727272727273,36.36363636363637,0.0
Average,10.333333333333334,19.666666666666668,1.3333333333333333,9.666666666666666, ,1.0,0.3333333333333333,0.0, ,3.3333333333333335,3.3333333333333335,3.0,0.0, ,0.888111888111888,0.5166666666666667,0.6523297491039427, ,11.111111111111109,8.333333333333334,0.0, ,66.66666666666667,55.555555555555564,37.5,0.0, ,9.090909090909092,3.0303030303030307,0.0,30.3030303030303,30.3030303030303,27.27272727272727,0.0
