FileName/RunID,True Positives,True Negatives,False Positives,False Negatives, ,FP: Explicit in Axiom,FP: Explicit in NL,FP: Perfect Match, ,FN: More Info in Axiom,FN:More Info in NL,FN:No Contradictions,FN:Contradictions, ,Precision,Recall,F1-Score, ,% of Explicit in Axiom Wrong,% of Explicit in NL Wrong,% Of Perfect Match Wrong, ,% of More in Axiom Wrong,% of More in NL Wrong,% of No Contradictions Wrong,% of Contradictions Wrong, ,% of Errors Ex in Ax,% of Errors Ex in NL,% of Errors Perfect,% of Errors More in Axiom,% of Errors More in NL,% of Errors No Contradictions,% of Errors Contradictions
results-20c.json,9,19,2,11, ,2,0,0, ,3,4,4,0, ,0.8181818181818182,0.45,0.5806451612903226, ,22.22222222222222,0.0,0.0, ,60.0,66.66666666666667,50.0,0, ,15.384615384615385,0.0,0.0,23.076923076923077,30.76923076923077,30.76923076923077,0.0
results-20b.json,7,18,3,13, ,2,1,0, ,5,4,4,0, ,0.7,0.35,0.4666666666666667, ,22.22222222222222,25.0,0.0, ,100.0,66.66666666666667,50.0,0, ,12.5,6.25,0.0,31.25,25.0,25.0,0.0
results-20a.json,11,21,0,9, ,0,0,0, ,2,4,3,0, ,1.0,0.55,0.7096774193548387, ,0.0,0.0,0.0, ,40.0,66.66666666666667,37.5,0, ,0.0,0.0,0.0,22.22222222222222,44.44444444444444,33.333333333333336,0.0
Average,9.0,19.333333333333332,1.6666666666666667,11.0, ,1.3333333333333333,0.3333333333333333,0.0, ,3.3333333333333335,4.0,3.6666666666666665,0.0, ,0.8393939393939394,0.45,0.585663082437276, ,14.814814814814815,8.333333333333334,0.0, ,66.66666666666667,66.66666666666667,45.833333333333336,0.0, ,9.294871794871796,2.0833333333333335,0.0,25.516381766381766,33.40455840455841,29.700854700854705,0.0
