FileName/RunID,True Positives,True Negatives,False Positives,False Negatives, ,FP: Explicit in Axiom,FP: Explicit in NL,FP: Perfect Match, ,FN: More Info in Axiom,FN:More Info in NL,FN:No Contradictions,FN:Contradictions, ,Precision,Recall,F1-Score, ,% of Explicit in Axiom Wrong,% of Explicit in NL Wrong,% Of Perfect Match Wrong, ,% of More in Axiom Wrong,% of More in NL Wrong,% of No Contradictions Wrong,% of Contradictions Wrong, ,% of Errors Ex in Ax,% of Errors Ex in NL,% of Errors Perfect,% of Errors More in Axiom,% of Errors More in NL,% of Errors No Contradictions,% of Errors Contradictions
results-20c.json,15,16,5,5, ,4,1,0, ,1,2,2,0, ,0.75,0.75,0.75, ,44.44444444444444,25.0,0.0, ,20.0,33.333333333333336,25.0,0, ,40.0,10.0,0.0,10.0,20.0,20.0,0.0
results-20b.json,14,14,7,6, ,4,3,0, ,2,2,2,0, ,0.6666666666666666,0.7,0.6829268292682926, ,44.44444444444444,75.0,0.0, ,40.0,33.333333333333336,25.0,0, ,30.76923076923077,23.076923076923077,0.0,15.384615384615385,15.384615384615385,15.384615384615385,0.0
results-20a.json,14,15,6,6, ,5,1,0, ,3,3,0,0, ,0.7,0.7,0.7, ,55.55555555555556,25.0,0.0, ,60.0,50.0,0.0,0, ,41.666666666666664,8.333333333333334,0.0,25.0,25.0,0.0,0.0
Average,14.333333333333334,15.0,6.0,5.666666666666667, ,4.333333333333333,1.6666666666666667,0.0, ,2.0,2.3333333333333335,1.3333333333333333,0.0, ,0.7055555555555554,0.7166666666666667,0.7109756097560975, ,48.14814814814815,41.666666666666664,0.0, ,40.0,38.88888888888889,16.666666666666668,0.0, ,37.47863247863248,13.803418803418806,0.0,16.794871794871796,20.128205128205128,11.794871794871796,0.0
